{
  "Workflows": [
    {
      "Path": null,
      "SortBy": 0,
      "VariablesSectionElementsOrder": [],
      "ArgumentsSectionElementsOrder": null,
      "ConstantsSectionElementsOrder": [],
      "AddedNamespaces": null
    },
    {
      "Path": "Main.xaml",
      "SortBy": 0,
      "VariablesSectionElementsOrder": [
        "Hashcode&Sequence_32",
        "Counrty&Sequence_32",
        "Name&Sequence_32",
        "ID&Sequence_32",
        "DT_New&Flowchart_1",
        "ExtractDataTable&Sequence_29",
        "password&Sequence_22",
        "username&Sequence_22",
        "Sheets&Sequence_23",
        "DT_Config&Sequence_24",
        "Sheets&Sequence_12",
        "DT_Config&Sequence_13",
        "username&Sequence_11",
        "password&Sequence_11",
        "Sum&Sequence_10",
        "username&Sequence_8",
        "password&Sequence_8",
        "DT_Config&Sequence_3",
        "Config&Flowchart_1",
        "Sheets&Sequence_2"
      ],
      "ArgumentsSectionElementsOrder": [],
      "ConstantsSectionElementsOrder": [],
      "AddedNamespaces": null
    },
    {
      "Path": "Sum.xaml",
      "SortBy": 0,
      "VariablesSectionElementsOrder": [],
      "ArgumentsSectionElementsOrder": [],
      "ConstantsSectionElementsOrder": [],
      "AddedNamespaces": null
    },
    {
      "Path": "Process/Sum.xaml",
      "SortBy": 0,
      "VariablesSectionElementsOrder": [],
      "ArgumentsSectionElementsOrder": [
        "in_B",
        "in_A",
        "out_Sum"
      ],
      "ConstantsSectionElementsOrder": [],
      "AddedNamespaces": null
    },
    {
      "Path": "MoveSite.xaml",
      "SortBy": 0,
      "VariablesSectionElementsOrder": [],
      "ArgumentsSectionElementsOrder": [
        "in_URL"
      ],
      "ConstantsSectionElementsOrder": [],
      "AddedNamespaces": null
    },
    {
      "Path": "GetInfo.xaml",
      "SortBy": 0,
      "VariablesSectionElementsOrder": [
        "Info&Sequence_36"
      ],
      "ArgumentsSectionElementsOrder": [
        "out_Country",
        "out_Name",
        "out_ID"
      ],
      "ConstantsSectionElementsOrder": [],
      "AddedNamespaces": null
    },
    {
      "Path": "GetHashcode.xaml",
      "SortBy": 0,
      "VariablesSectionElementsOrder": [],
      "ArgumentsSectionElementsOrder": [
        "ID",
        "Name",
        "Counrty",
        "Hashcode"
      ],
      "ConstantsSectionElementsOrder": [],
      "AddedNamespaces": null
    }
  ]
}